<?xml version='1.0' encoding='utf-8'?>
<!DOCTYPE hibernate-configuration PUBLIC 
"-//Hibernate/Hibernate Configuration DTD//EN"
"http://hibernate.sourceforge.net/hibernate-configuration-3.0.dtd">
<hibernate-configuration>

	<session-factory>

		<property name="hibernate.connection.driver_class">
			oracle.jdbc.driver.OracleDriver
		</property>

		<property name="hibernate.connection.url">
			jdbc:oracle:thin:@localhost:1521:xe
		</property>

		<property name="hibernate.connection.username">project</property>
		<property name="hibernate.connection.password">user</property>

		<property name="show_sql">true</property>

		<property name="hibernate.dialect">
			org.hibernate.dialect.OracleDialect
		</property>

		<property name="hibernate.hbm2ddl.auto">update</property>

		<mapping class="com.entity.User" />
		<mapping class="com.entity.Category" />
		<mapping class="com.entity.Product" />
		<mapping class="com.entity.EmailSubscriber" />
		<mapping class="com.entity.Address" />
		<mapping class="com.entity.Order" />
	</session-factory>
</hibernate-configuration>
  	
